Profile Name,Job Roles,Summary
Christina Hudson,Product Manager,"Skilled in full stack development, specializing in React and Node.js."
Richard Silva DDS,Marketing Specialist,Expertise in creating user-centric design solutions for mobile and web applications.
Timothy Turner,Data Scientist,"Skilled in full stack development, specializing in React and Node.js."
Lawrence Garcia,Marketing Specialist,"Skilled in full stack development, specializing in React and Node.js."
Hunter Martinez,UX Designer,Proficient in overseeing product lifecycle from concept to deployment.
Katherine Leblanc,Marketing Specialist,"Skilled in full stack development, specializing in React and Node.js."
Christine Klein,Data Scientist,Experienced in building scalable machine learning models and data pipelines.
Rachel Rodriguez,UX Designer,Strong background in digital marketing strategies and SEO optimization.
Robin Parks,Marketing Specialist,Strong background in digital marketing strategies and SEO optimization.
Mario Thomas,UX Designer,Expertise in creating user-centric design solutions for mobile and web applications.
Kathy Tate,Software Developer,"Skilled in full stack development, specializing in React and Node.js."
Jose Davis,Software Developer,Experienced in building scalable machine learning models and data pipelines.
Joshua Green Jr.,Marketing Specialist,Expertise in creating user-centric design solutions for mobile and web applications.
Justin Martinez,UX Designer,Proficient in overseeing product lifecycle from concept to deployment.
Kathryn Miles,Data Scientist,Expertise in creating user-centric design solutions for mobile and web applications.
Steven Kim DVM,Marketing Specialist,Expertise in creating user-centric design solutions for mobile and web applications.
Daniel Ortiz,Software Developer,"Skilled in full stack development, specializing in React and Node.js."
John Deleon,Software Developer,Proficient in overseeing product lifecycle from concept to deployment.
Emily Moore,Marketing Specialist,Expertise in creating user-centric design solutions for mobile and web applications.
Shane Delgado,UX Designer,Experienced in building scalable machine learning models and data pipelines.
